{"cameraMode":{"drawMode":0,"name":"Shaded","section":"Shading Mode"},"sceneLighting":true,"audioPlay":false,"sceneViewState":{"m_AlwaysRefresh":false,"showFog":true,"showSkybox":true,"showFlares":true,"showImageEffects":true,"showParticleSystems":true,"showVisualEffectGraphs":true,"m_FxEnabled":true},"in2DMode":false,"pivot":{"x":7.773362636566162,"y":4.237906455993652,"z":7.425479412078857},"rotation":{"x":-0.07885569334030152,"y":-0.39066824316978457,"z":0.033575743436813357,"w":-0.9165645241737366},"size":14.675100326538086,"orthographic":false}