{"cameraMode":{"drawMode":0,"name":"Shaded","section":"Shading Mode"},"sceneLighting":true,"audioPlay":false,"sceneViewState":{"m_AlwaysRefresh":false,"showFog":true,"showSkybox":true,"showFlares":true,"showImageEffects":true,"showParticleSystems":true,"showVisualEffectGraphs":true,"m_FxEnabled":true},"in2DMode":false,"pivot":{"x":10.578460693359375,"y":-3.535471200942993,"z":15.434368133544922},"rotation":{"x":0.11081390827894211,"y":0.28961706161499026,"z":-0.033803243190050128,"w":0.9501702785491943},"size":11.940486907958985,"orthographic":false}