{"cameraMode":{"drawMode":0,"name":"Shaded","section":"Shading Mode"},"sceneLighting":true,"audioPlay":false,"sceneViewState":{"m_AlwaysRefresh":false,"showFog":true,"showSkybox":false,"showFlares":true,"showImageEffects":true,"showParticleSystems":true,"showVisualEffectGraphs":true,"m_FxEnabled":true},"in2DMode":false,"pivot":{"x":1.1995904445648194,"y":-2.7083911895751955,"z":0.9902796745300293},"rotation":{"x":0.06347402185201645,"y":0.05422484502196312,"z":-0.003476883051916957,"w":0.9965640306472778},"size":12.12435531616211,"orthographic":false}